{
  "feature_cols": [
    "M10_co2",
    "M10_humid",
    "M10_tvoc",
    "M11_co2",
    "M11_humid",
    "M11_temp",
    "M11_tvoc",
    "M1_humid",
    "M4_co2",
    "M4_humid",
    "M4_tvoc",
    "M6_co2",
    "M6_humid",
    "M6_temp",
    "M6_tvoc",
    "M7_humid",
    "M7_temp",
    "M8_co2",
    "M8_humid",
    "M8_tvoc",
    "M9_co2",
    "M9_humid",
    "M9_tvoc"
  ],
  "window": 20,
  "n_features": 23,
  "threshold": 0.11201701015233953,
  "scaler_mean": [
    558.3193062715396,
    80.42122402671703,
    533.6872485694413,
    955.4670062358939,
    83.49993287464545,
    28.6866421184332,
    115.37309747805392,
    84.95613982161981,
    617.2734404479537,
    72.58655046379081,
    58.87911867519649,
    949.1464680943991,
    84.85164178562825,
    28.941924915362417,
    111.91585440001911,
    83.89055891353328,
    29.77147645689606,
    963.057784310757,
    83.39633144176389,
    115.91246228748834,
    1004.6490009801809,
    79.17345029160379,
    129.2657168736416
  ],
  "scaler_scale": [
    243.99785109675233,
    4.522494793856097,
    944.3670034292726,
    452.21460210048724,
    6.428949565581865,
    1.2767854634888849,
    144.05716953324009,
    4.950545872120918,
    394.91322068849723,
    9.763721225283648,
    165.95877229590013,
    433.2297722266414,
    7.0921971931352425,
    1.4313006395566588,
    145.8069068864231,
    7.049579175682908,
    1.4383468937463755,
    442.95131088904367,
    6.978369762915202,
    144.28758792234873,
    480.430436965296,
    4.526632742245709,
    154.99545948469225
  ]
}